ax; ay; az; gx; gy; gz; lat; lon
-32711; -30707; 18172; -18858; -18096; 5624; 50.08456092143831; 19.989839258610672
22295; 21401; -24096; -8667; 11860; 19006; 50.08456092143831; 19.989839258610672
15810; 24607; -15169; -14904; -5476; -32240; 50.08456092143831; 19.989839258610672
-8222; 16826; -32184; 7146; -7907; 27673; 50.08456092143831; 19.989839258610672
-16003; -30325; -2580; -14292; -3954; 18858; 50.08456092143831; 19.989839258610672
19547; -16748; -6475; -23572; -7907; 11560; 50.08456092143831; 19.989839258610672
10014; -23449; -1517; 7292; 2432; -10800; 50.0845578125874; 19.989835029852316
-26915; 9120; -17154; 8667; 21289; -11248; 50.0845578125874; 19.989835029852316
4442; 16751; -20741; 11712; 22958; 23104; 50.0845578125874; 19.989835029852316
-11660; -1560; -3726; -28584; 8667; 2284; 50.0845578125874; 19.989835029852316
-10207; 18503; 25571; 32240; -26152; -15200; 50.0845578125874; 19.989835029852316
-8297; -9955; -64; -14142; -14292; 30866; 50.0845578125874; 19.989835029852316
2532; 29647; 23204; -8520; 3044; -11712; 50.0845578125874; 19.989835029852316
-23253; -12239; -26081; -10952; 14142; -15813; 50.0845578125874; 19.989835029852316
12837; -10030; -12503; 18858; -32388; 26152; 50.0845578125874; 19.989835029852316
17180; -1485; -9755; -28136; 20527; -3192; 50.0845578125874; 19.989835029852316
15121; 23693; 20381; 19152; -761; 23572; 50.0845578125874; 19.989835029852316
-5009; -32766; -8916; 19152; 4568; 18244; 50.0845578125874; 19.989835029852316
30309; -20858; 23512; -320; 23572; 2284; 50.0845578125874; 19.989835029852316
19381; 12034; 14809; 28284; 3804; -5936; 50.0845578125874; 19.989835029852316
-23651; -28639; -7546; -23868; 17632; -30568; 50.0845578125874; 19.989835029852316
-15082; -18334; -7952; 2896; -8352; -20232; 50.0845578125874; 19.989835029852316
2473; -28789; 25729; 25408; -10912; -28752; 50.0845578125874; 19.989835029852316
-11703; 27879; 5449; -4480; 15960; -5248; 50.0845578125874; 19.989835029852316
-17838; 18617; 29284; 21952; -32240; -16256; 50.0845578125874; 19.989835029852316
-22099; 28867; -7105; 32672; -3168; 3968; 50.0845578125874; 19.989835029852316
11467; -6202; -10428; -4384; -19392; 7907; 50.0845578125874; 19.989835029852316
-16877; -29358; -29330; 4672; 28096; -30272; 50.0845578125874; 19.989835029852316
-5500; 649; 14518; -29344; 30424; 10880; 50.0845578125874; 19.989835029852316
3312; 23228; 12683; -29216; 7808; -31200; 50.0845578125874; 19.989835029852316
-29407; 27729; 26891; 15936; -23280; -7616; 50.0845578125874; 19.989835029852316
-19665; 23186; 9876; -9576; -13992; 7608; 50.0845578125874; 19.989835029852316
9805; -20335; 13230; 28480; -1504; 32576; 50.0845578125874; 19.989835029852316
12247; 10939; 31458; -15200; -23008; -7232; 50.0845578125874; 19.989835029852316
-22630; 11836; 1779; -17312; 19152; -20672; 50.0845578125874; 19.989835029852316
4690; -19587; 20937; 26016; 19152; -6384; 50.0845578125874; 19.989835029852316
-3198; 24284; 18802; 10190; -8080; -15072; 50.0845578125874; 19.989835029852316
-24540; 28402; -5927; -3216; -11860; 5624; 50.0845578125874; 19.989835029852316
3528; -31180; 31151; 9120; -4100; -22344; 50.0845578125874; 19.989835029852316
29088; -7604; 20704; -16592; 9280; -5920; 50.0845578125874; 19.989835029852316
9017; 20779; -14554; 32388; -14292; -31160; 50.0845578125874; 19.989835029852316
-18437; -363; 1630; 7312; -17936; 15392; 50.08455679161198; 19.989858162080758
-21874; -7455; -24371; 24032; 11248; -12621; 50.08455679161198; 19.989858162080758
-5092; -25549; 32305; 4568; 31920; 25680; 50.08455679161198; 19.989858162080758
9175; 24882; 29631; 7440; 18392; 31776; 50.08455679161198; 19.989858162080758
-13180; 26792; -7911; 10880; -32704; 18368; 50.08455679161198; 19.989858162080758
-11907; -27427; -26380; -17824; 27984; -6832; 50.08455679161198; 19.989858162080758
-12790; 14900; -32093; -10464; -21120; 320; 50.08455679161198; 19.989858162080758
1020; 29474; 1929; 19304; -20688; 8496; 50.08455679161198; 19.989858162080758
-3655; 4827; -17461; 27232; -18096; -908; 50.08455679161198; 19.989858162080758
12148; -13775; -25308; 30104; -23720; 15520; 50.08454885921848; 19.989896706824524
-20953; 22988; 11387; -14440; 8667; 10040; 50.08454885921848; 19.989896706824524
-7840; -820; 12766; 13088; 19304; -20080; 50.08454885921848; 19.989896706824524
-31034; 20704; -31861; -15664; 23256; 2112; 50.08454885921848; 19.989896706824524
-1122; -18358; -14090; 464; 8816; 2112; 50.08454885921848; 19.989896706824524
30683; -4947; -17843; -8200; -21436; 2432; 50.08454885921848; 19.989896706824524
1153; 26351; 26418; -12944; 21600; -2256; 50.08454885921848; 19.989896706824524
-29813; -4167; -32467; -1696; 19472; 19168; 50.08454885921848; 19.989896706824524
-17456; -4482; -7380; 7292; 14752; -15648; 50.08454885921848; 19.989896706824524
-28045; -130; -15992; -13664; 31626; 25552; 50.084538837040235; 19.98994463812703
-18819; 7733; -17295; -4416; -17648; -3216; 50.084538837040235; 19.98994463812703
-3796; -29959; -17220; -4714; 15813; 2576; 50.084538837040235; 19.98994463812703
-3489; -31719; 3914; 3024; -21289; 23868; 50.084538837040235; 19.98994463812703
4442; -19654; -3336; 31904; -28136; 21568; 50.084538837040235; 19.98994463812703
2225; -9423; -8825; 2136; -16112; 24032; 50.084538837040235; 19.98994463812703
19173; -12030; 24666; 13552; 1670; 22810; 50.084538837040235; 19.98994463812703
26190; 8796; 11387; -13680; -13382; -31480; 50.084538837040235; 19.98994463812703
-30037; -26521; -15003; 13680; -6848; 448; 50.08453092594347; 19.989974339050118
26796; -27435; 21535; 22810; -9429; 8816; 50.08453092594347; 19.989974339050118
15278; 19940; 25272; -26616; 8056; -16280; 50.08453092594347; 19.989974339050118
-11652; 32455; 4670; 13532; -28284; 30866; 50.08453092594347; 19.989974339050118
-12416; -16905; 5134; 21584; -32388; -32388; 50.08453092594347; 19.989974339050118
16806; 24599; 2701; -17335; -3192; -4714; 50.08453092594347; 19.989974339050118
-27454; 27347; -17445; -4568; -29195; -23572; 50.08453092594347; 19.989974339050118
14440; 2618; -23265; -5600; -15960; -7584; 50.08452235250467; 19.99000140170565
14290; -1036; -288; 20824; 24944; 19024; 50.08452235250467; 19.99000140170565
4981; -2489; -8593; -28136; 8520; -20976; 50.08452235250467; 19.99000140170565
6808; -16224; -26222; 22050; 18244; 7760; 50.08452235250467; 19.99000140170565
-22406; 5890; 30852; 11584; 10800; 17944; 50.08452235250467; 19.99000140170565
-1820; -16614; 13380; -12944; -27696; -17952; 50.08452235250467; 19.99000140170565
15270; -3021; -1501; 3776; 11560; 30104; 50.08452235250467; 19.99000140170565
-21500; 16428; -16074; 21904; -30256; 25408; 50.08451377624595; 19.99003535042149
-19890; -25076; 26733; 30880; -24628; -16256; 50.08451377624595; 19.99003535042149
13758; 27946; -19189; 19600; -5024; -21600; 50.08451377624595; 19.99003535042149
-31498; 14451; 26468; 18392; -6384; 23720; 50.08451377624595; 19.99003535042149
16117; -6592; -17677; -25120; -5624; -6680; 50.08451377624595; 19.99003535042149
11309; 807; 29922; -18560; -32536; 19472; 50.08451377624595; 19.99003535042149
12837; 17897; -24013; -1920; -25536; 25280; 50.08451377624595; 19.99003535042149
21240; 19775; 20771; 22368; 19152; 4248; 50.08451377624595; 19.99003535042149
11301; -9805; 30844; 26720; -24184; 4224; 50.08450350362671; 19.990067951925393
-27529; 11179; -25167; -12304; -908; -6680; 50.08450350362671; 19.990067951925393
2623; -25068; 24500; -25504; -19006; -1200; 50.08450350362671; 19.990067951925393
-12798; 11104; 19184; -6560; -12621; -8520; 50.08450350362671; 19.990067951925393
-1512; -13475; -20674; -6720; -5624; -20688; 50.08450350362671; 19.990067951925393
26879; 22622; 19476; 24384; -4568; -3792; 50.08450350362671; 19.990067951925393
-32329; 11628; 14077; -12896; -25242; -1056; 50.08450350362671; 19.990067951925393
24512; -5868; 1980; 5824; 11408; -6680; 50.08450350362671; 19.990067951925393
31529; -24836; 22764; -25568; 16574; -31626; 50.08449453625298; 19.990095891944442
-12117; -1260; -24619; -21752; -9429; -7456; 50.08449453625298; 19.990095891944442
16574; 15298; -26006; -23584; 8816; -31776; 50.08449453625298; 19.990095891944442
22835; 7277; 10474; 25248; 18096; -1360; 50.08449453625298; 19.990095891944442
13219; 27580; -12337; -6064; -31480; -10952; 50.08449453625298; 19.990095891944442
-18137; 30777; -2812; 9280; 10952; 27524; 50.08449453625298; 19.990095891944442
-13105; -13085; -22037; -15813; 8667; 22050; 50.08449453625298; 19.990095891944442
-16991; -12322; -363; -14464; 24628; 28584; 50.08449453625298; 19.990095891944442
-15164; -23773; 23661; -14440; -24332; -14142; 50.08449453625298; 19.990095891944442
-7683; 20945; 25430; -2880; -24332; 1816; 50.084489874907305; 19.99012988231649
-29273; -16756; -13641; -30424; 27360; 24000; 50.084489874907305; 19.99012988231649
-20744; 14841; 10773; -13120; 28435; 29312; 50.084489874907305; 19.99012988231649
-30884; -27120; 31434; -23408; -1056; -448; 50.084489874907305; 19.99012988231649
20161; 2559; -138; 3954; 24944; -29024; 50.084489874907305; 19.99012988231649
8876; -27584; -17685; -296; 29956; 6704; 50.084489874907305; 19.99012988231649
30143; -23532; 8938; -31200; -7907; 10928; 50.084489874907305; 19.99012988231649
10238; 17980; 5350; -26764; -13680; -5312; 50.084481561671964; 19.990158151369528
32219; 27505; -19296; -19620; 6848; 8080; 50.084481561671964; 19.990158151369528
-6769; -19638; -16464; -14176; 612; -27820; 50.084481561671964; 19.990158151369528
-29207; 24772; -28215; -18832; 27232; -27936; 50.084481561671964; 19.990158151369528
11400; -12695; 22897; -4992; -16256; -29632; 50.084481561671964; 19.990158151369528
-27056; -26364; 23055; 16872; -4568; 13968; 50.084481561671964; 19.990158151369528
-14475; 6379; -24021; -2592; -28896; -15680; 50.084481561671964; 19.990158151369528
-5706; -3536; -16157; -25092; 11712; -296; 50.084481561671964; 19.990158151369528
8112; 29722; -27534; 11560; -14292; -18544; 50.084481561671964; 19.990158151369528
-21709; 26434; 20306; 5648; 29488; 31626; 50.084481561671964; 19.990158151369528
32534; -11026; 16727; 22198; 20352; -26176; 50.084476510602634; 19.990191828120818
-16161; 20031; 6705; -12920; -10190; -8520; 50.084476510602634; 19.990191828120818
14066; -28332; -9207; -16574; -13992; 17648; 50.084476510602634; 19.990191828120818
-25304; -31928; 775; 8816; -17040; 1360; 50.084476510602634; 19.990191828120818
-31955; 23378; -1151; 10190; -28284; -8976; 50.084476510602634; 19.990191828120818
27867; 9435; 12151; 17648; -23720; -13072; 50.084476510602634; 19.990191828120818
-24009; 25528; 27697; -7146; 20232; 29956; 50.084476510602634; 19.990191828120818
-14550; 32612; 6945; 16736; 6848; -21888; 50.084476510602634; 19.990191828120818
-27371; 32147; -29660; 2284; 15960; 17776; 50.08446714334267; 19.990218915456897
-25619; -14306; -16157; 11408; 21436; -11560; 50.08446714334267; 19.990218915456897
17645; -29411; -19520; 7584; -9429; -32388; 50.08446714334267; 19.990218915456897
-28825; 5233; 8730; 20800; -16424; 25680; 50.08446714334267; 19.990218915456897
19322; 31915; -13574; 25728; 2284; 9429; 50.08446714334267; 19.990218915456897
-9210; 28186; 27481; -6832; -9576; 17944; 50.08446714334267; 19.990218915456897
8710; -13625; 18861; -14292; -19767; -30866; 50.08446714334267; 19.990218915456897
22386; 14451; -28522; 22810; -13232; -7907; 50.08446714334267; 19.990218915456897
-23635; -10022; -31337; -22050; -21436; 1816; 50.08446714334267; 19.990218915456897
16723; -5836; -21355; -20800; 23424; 16736; 50.08445994750002; 19.99025182073007
-11727; -7529; -13492; -1248; 23720; -21140; 50.08445994750002; 19.99025182073007
9864; 4146; 15739; 6368; 29488; -26616; 50.08445994750002; 19.99025182073007
-29281; 13014; 31116; -7888; 2720; -20864; 50.08445994750002; 19.99025182073007
-14865; -2115; -20757; 384; -8816; -20232; 50.08445994750002; 19.99025182073007
25576; 14617; -10577; 29656; -7146; 15664; 50.08445994750002; 19.99025182073007
-17224; -23083; 4437; -30568; -12008; 25392; 50.08445994750002; 19.99025182073007
9092; 30860; 12509; 7312; 26616; -26752; 50.08445994750002; 19.99025182073007
1095; 28036; 31458; 29504; 7146; 19328; 50.08445418754565; 19.990286806213113
-28817; 5449; -27899; 25216; -7456; 32672; 50.08445418754565; 19.990286806213113
-7084; 11711; 22748; -4272; -7608; 3024; 50.08445418754565; 19.990286806213113
9250; -29262; -31428; -27984; -3340; 2880; 50.08445418754565; 19.990286806213113
13451; -11341; 318; -1920; -32688; -8480; 50.08445418754565; 19.990286806213113
3005; 26177; -17968; 24944; -10800; 25536; 50.08445418754565; 19.990286806213113
-29124; 24965; 28493; 8816; 23072; 30080; 50.08445418754565; 19.990286806213113
18999; -29951; 30312; -5824; 29344; -19808; 50.08445418754565; 19.990286806213113
-24780; -4092; -17154; 22688; -9872; -7136; 50.08445418754565; 19.990286806213113
25808; 28710; -18358; -14464; -3340; -1056; 50.084444653867436; 19.99032174433628
-5257; 15589; -16606; 17024; -31920; -22496; 50.084444653867436; 19.99032174433628
28257; 7426; -26305; 11296; 20527; 28752; 50.084444653867436; 19.99032174433628
19405; 25205; 22457; 29344; -32088; -15376; 50.084444653867436; 19.99032174433628
-31116; -26364; 3906; -17760; -20380; -25092; 50.084444653867436; 19.99032174433628
26879; -7903; 7725; 12472; 2284; -24481; 50.084444653867436; 19.99032174433628
23292; -28423; 12151; -25408; -3340; 24332; 50.084444653867436; 19.99032174433628
2000; 28718; 26111; 15984; 10952; -12920; 50.084437392954044; 19.99035258597079
-15846; -5711; -19138; -21584; -761; 17335; 50.084437392954044; 19.99035258597079
27718; 26583; -25375; 27360; 18392; -17040; 50.084437392954044; 19.99035258597079
-13188; -28498; -28813; 29168; -29195; 2576; 50.084437392954044; 19.99035258597079
-17066; -20800; -7297; 15813; 20527; -26296; 50.084437392954044; 19.99035258597079
-1512; 16121; -21946; 29195; -24481; 29956; 50.084437392954044; 19.99035258597079
8718; -7297; -12188; -32368; 761; 28752; 50.084437392954044; 19.99035258597079
-26135; 4378; -26321; -13344; -23720; 5328; 50.084437392954044; 19.99035258597079
29088; -9041; 12849; 15648; 20824; 31920; 50.084437392954044; 19.99035258597079
-28667; 9860; -26513; -22080; -19168; -10816; 50.084437392954044; 19.99035258597079
-31955; 19027; 28552; -26592; -15376; -29984; 50.08443053498209; 19.990382177444495
32069; 7426; -16689; 11392; 5920; 18832; 50.08443053498209; 19.990382177444495
-16775; -7671; 26036; 25024; -3804; -31040; 50.08443053498209; 19.990382177444495
-27139; -2938; -9132; 960; 13382; -21728; 50.08443053498209; 19.990382177444495
-24009; -10585; 19168; 19936; -6384; 27524; 50.08443053498209; 19.990382177444495
29312; 12849; -23009; 15352; -24184; -26784; 50.08443053498209; 19.990382177444495
-17464; -28348; 23968; 32704; -11248; 11560; 50.08443053498209; 19.990382177444495
-16535; 30620; -6002; -15052; 7456; -7888; 50.08442259306175; 19.990412269456165
-22099; -11574; -18898; 13532; 12008; -13848; 50.08442259306175; 19.990412269456165
17944; 28493; -15094; -22976; -29344; 1522; 50.08442259306175; 19.990412269456165
6434; 30088; -24545; 26152; 32388; -20527; 50.08442259306175; 19.990412269456165
-29431; -15684; 11844; 27072; 8968; 1968; 50.08442259306175; 19.990412269456165
27029; -9738; -1359; 23120; -19006; 15664; 50.08442259306175; 19.990412269456165
-31416; 3465; 21078; -22368; 10656; -20064; 50.08442259306175; 19.990412269456165
-6080; -1883; -363; -15376; -5152; -15648; 50.08442259306175; 19.990412269456165
-3024; -32018; 5292; 3340; -9429; 30866; 50.08442259306175; 19.990412269456165
12380; 31151; -20193; 23104; 1200; 32224; 50.084414707762356; 19.990444823194988
-17381; -3934; 21003; 2576; -21140; -17648; 50.084414707762356; 19.990444823194988
-9144; -28888; -24478; -21584; -2576; -14584; 50.084414707762356; 19.990444823194988
-7608; -11566; 22988; -31626; 13848; 30880; 50.084414707762356; 19.990444823194988
-30801; 12002; -4706; -3954; 21436; 28728; 50.084414707762356; 19.990444823194988
18559; 9320; 1472; 5624; -16424; -17188; 50.084414707762356; 19.990444823194988
-16917; -14771; 476; -26784; 30718; 19916; 50.084414707762356; 19.990444823194988
-24698; 2626; 9710; -4568; -27820; -26296; 50.084414707762356; 19.990444823194988
22378; 334; 20838; -23520; -10488; -17936; 50.084414707762356; 19.990444823194988
-19051; -11491; -6931; 8896; -20527; -12328; 50.084414707762356; 19.990444823194988
-7616; 29639; 6123; -22344; 13232; 30272; 50.08441116853222; 19.990490820408777
-27438; -32475; -32408; -8056; -23572; 8667; 50.08441116853222; 19.990490820408777
24438; 5973; 32065; 12768; 28112; -3360; 50.08441116853222; 19.990490820408777
2764; -10727; -4714; 17024; -21436; -20380; 50.08441116853222; 19.990490820408777
26123; -13326; -6840; -4714; -3954; -31776; 50.08441116853222; 19.990490820408777
13900; 24217; -19437; 13232; 15052; 4714; 50.08441116853222; 19.990490820408777
15511; 28950; 3299; -13992; -12008; 19472; 50.08440264351284; 19.99052845082035
18799; -5545; 19235; -10144; -15960; -10928; 50.08440264351284; 19.99052845082035
4682; 3158; 20854; -4880; -3044; 28584; 50.08440264351284; 19.99052845082035
32593; 2394; 14053; -5176; 28112; 5600; 50.08440264351284; 19.99052845082035
15038; -5072; 31757; -31312; 7760; 464; 50.08440264351284; 19.99052845082035
-16070; -28057; 12151; -15648; 26296; 2728; 50.08440264351284; 19.99052845082035
10163; 2925; 8182; 18544; -10952; 30866; 50.08440264351284; 19.99052845082035
27029; -11491; -1426; -23572; 30104; 15960; 50.08440264351284; 19.99052845082035
-25761; -20492; -21414; 19767; 2576; -18560; 50.08439367589467; 19.99055584591384
-20961; -15003; 7111; -1200; 17484; 16112; 50.08439367589467; 19.99055584591384
-3339; 23228; -26986; 26592; 22050; 23868; 50.08439367589467; 19.99055584591384
2000; 409; -22485; 9136; -28112; -22336; 50.08439367589467; 19.99055584591384
26422; 2618; 30702; -21289; 6384; -16424; 50.08439367589467; 19.99055584591384
-13645; 18113; 24815; -27984; -19006; -15813; 50.08439367589467; 19.99055584591384
10778; -19961; 9793; 26152; 32088; 24800; 50.08439367589467; 19.99055584591384
-15771; 18338; -20359; -31016; -22344; -27968; 50.08439367589467; 19.99055584591384
-18511; 22299; -15783; 24628; 8667; -30104; 50.08439367589467; 19.99055584591384
4682; -13251; 9245; -8384; -13382; 32064; 50.08438489675503; 19.99058937179862
17728; 4752; -5163; -20976; -9576; 6236; 50.08438489675503; 19.99058937179862
-10971; 24831; 24217; -10800; -17800; 30704; 50.08438489675503; 19.99058937179862
30915; 6587; -2721; 21728; -17484; 15813; 50.08438489675503; 19.99058937179862
32211; 11612; 24134; 908; -14142; 32536; 50.08438489675503; 19.99058937179862
30076; -12703; 14526; -25728; 13532; -20527; 50.08438489675503; 19.99058937179862
11085; -15169; -22485; -4714; 30256; 31776; 50.08437960500462; 19.99062322166241
-7383; -9738; -26754; 25704; 22958; -6848; 50.08437960500462; 19.99062322166241
11841; 7741; -5545; 19620; -27968; -2576; 50.08437960500462; 19.99062322166241
-5698; 4370; -24777; -27232; 11712; -10488; 50.08437960500462; 19.99062322166241
18559; -19205; -27974; -15232; -15520; -12328; 50.08437960500462; 19.99062322166241
-19217; 6828; 10017; 15200; -16724; 32088; 50.08437960500462; 19.99062322166241
-4170; 22697; 28784; -21584; 12472; -27360; 50.08437960500462; 19.99062322166241
16357; -10743; -19894; 14904; -761; -3192; 50.08437960500462; 19.99062322166241
7797; 7883; 32604; -8056; 5152; -29360; 50.08437206401368; 19.990655405471237
398; -1875; -7372; 32688; -27376; -19168; 50.08437206401368; 19.990655405471237
29238; 1705; 23287; 31328; 8520; 28284; 50.08437206401368; 19.990655405471237
-26300; 6430; 12077; 7608; -23256; 2592; 50.08437206401368; 19.990655405471237
780; 13372; -28124; 15376; -13072; 26176; 50.08437206401368; 19.990655405471237
-18827; 29922; 4985; 11712; -32388; -2432; 50.08437206401368; 19.990655405471237
14739; 5134; -197; -15052; -20527; 26296; 50.08437206401368; 19.990655405471237
18102; -11266; -3710; -19168; 5624; 12160; 50.08437206401368; 19.990655405471237
-12573; 6048; -27376; 17335; 16280; -18392; 50.084362737532906; 19.990687246675584
-13711; -21481; -16464; -12328; -4248; -16112; 50.084362737532906; 19.990687246675584
-30494; -1276; -28655; -29048; 7292; 22344; 50.084362737532906; 19.990687246675584
1768; -2954; 4146; -24192; -24656; -23904; 50.084362737532906; 19.990687246675584
-19972; -26836; 5724; -30544; -31626; -20380; 50.084362737532906; 19.990687246675584
32219; 16203; 28859; -13232; -6536; 1984; 50.084362737532906; 19.990687246675584
15810; -14771; 30753; -18544; -20527; -2896; 50.08435487816704; 19.99071429927738
8942; 27572; -21032; -1376; 22050; -8056; 50.08435487816704; 19.99071429927738
11467; 3681; -23473; -28435; 6536; -1376; 50.08435487816704; 19.99071429927738
28623; -14239; 6812; -21436; -25392; 25704; 50.08435487816704; 19.99071429927738
-9210; 5359; -6533; 16736; 26764; -1816; 50.08435487816704; 19.99071429927738
-6230; 11379; 1323; 9576; 5768; 4400; 50.08435487816704; 19.99071429927738
21224; -3477; -5230; 10624; -26464; 16560; 50.08435487816704; 19.99071429927738
-22414; -31487; 24658; 4714; 612; -19767; 50.08435487816704; 19.99071429927738
-1886; -18890; 1323; -26764; 15376; 22976; 50.08434727970509; 19.9907447409122
10388; 18645; 18495; -11099; 27232; 22368; 50.08434727970509; 19.9907447409122
22378; 31533; 7068; -20848; -23280; 4688; 50.08434727970509; 19.9907447409122
23890; -29876; 11852; 736; 5768; -25552; 50.08434727970509; 19.9907447409122
-15629; -27435; -30341; -8520; -3192; -7907; 50.08434727970509; 19.9907447409122
32069; -6624; -1276; 5696; 13088; -10624; 50.08434727970509; 19.9907447409122
6202; 10848; -31097; -2112; -15664; 16724; 50.08434727970509; 19.9907447409122
-1894; -26297; -14007; 7292; -13088; 10632; 50.08434727970509; 19.9907447409122
13518; -26604; -24545; -28584; 18392; 8352; 50.084339716822775; 19.99077761764981
-23485; 25811; -11574; 2400; 12621; -31328; 50.084339716822775; 19.99077761764981
-26458; 25587; -6990; 26144; 31480; 31480; 50.084339716822775; 19.99077761764981
-7840; -11948; -12471; -18392; -15813; -30718; 50.084339716822775; 19.99077761764981
21457; 12841; 25737; 13680; 6384; -25392; 50.084339716822775; 19.99077761764981
-17606; 6446; 18113; -29824; -3954; -15813; 50.084339716822775; 19.99077761764981
1169; 7261; -15161; -23840; 10800; -25840; 50.084339716822775; 19.99077761764981
25808; -26845; -1426; -1670; 14292; -464; 50.084333904339076; 19.990808327457373
10006; -5612; 22465; -9152; -12328; 7136; 50.084333904339076; 19.990808327457373
15420; -13550; 12151; 3044; 761; -13382; 50.084333904339076; 19.990808327457373
-25005; -26911; 30147; 18880; 9280; -7584; 50.084333904339076; 19.990808327457373
-9742; 13380; -22477; -21152; -3954; 26912; 50.084333904339076; 19.990808327457373
8635; -2639; -4930; 21568; 11248; -19936; 50.084333904339076; 19.990808327457373
23142; -12944; 26260; -31160; 24628; 12768; 50.084333904339076; 19.990808327457373
-30502; 19866; 13372; -6976; 22050; 22198; 50.084333904339076; 19.990808327457373
-20654; 23138; -27750; 9264; 13232; -7292; 50.08432712022789; 19.99084359958059
14314; -27008; 23526; -22810; 9429; 18858; 50.08432712022789; 19.99084359958059
12305; -6293; 13620; -8352; 5476; 26464; 50.08432712022789; 19.99084359958059
26655; -12196; -18673; 29664; -17484; -5008; 50.08432712022789; 19.99084359958059
-9435; -12038; 23063; -8352; 31776; 23104; 50.08432712022789; 19.99084359958059
-25080; 8414; -5080; -2896; -11560; -26464; 50.08432712022789; 19.99084359958059
14282; 17125; -10502; 26272; 18544; -19792; 50.08432712022789; 19.99084359958059
-9518; 19094; 17483; -1; -1; -1; 50.08432712022789; 19.99084359958059
-27745; -14771; 25048; 17484; -7292; 26176; 50.08432712022789; 19.99084359958059
9640; -13940; 14451; 29984; 22664; 11872; 50.08432712022789; 19.99084359958059
10628; 27406; -13700; -3024; -30718; -14904; 50.084319718846835; 19.990869189077138
3985; 19550; -30947; -24332; 22640; -23120; 50.084319718846835; 19.990869189077138
32360; -19969; 27406; -16424; -30568; 24016; 50.084319718846835; 19.990869189077138
8561; 7651; 1397; -26016; 1376; -9429; 50.084319718846835; 19.990869189077138
19547; -4848; -12711; 27820; 15520; -11536; 50.084319718846835; 19.990869189077138
-31640; -26222; -6915; -4224; -22496; 32400; 50.084319718846835; 19.990869189077138
-10738; -31030; 21393; -27064; -3954; 11099; 50.084319718846835; 19.990869189077138
23201; -28281; 24508; 31776; -10040; -12328; 50.084319718846835; 19.990869189077138
31521; -30482; -19047; 3792; -1056; -5152; 50.084312776553666; 19.990906294611136
-6761; -7612; -24769; -1152; 612; -14880; 50.084312776553666; 19.990906294611136
16275; 29324; -9266; 11560; 4248; -7608; 50.084312776553666; 19.990906294611136
-20130; -21887; 7261; -12192; -30424; -29056; 50.084312776553666; 19.990906294611136
25875; 5150; -21123; -9920; -23104; -9429; 50.084312776553666; 19.990906294611136
-23095; -17586; 10698; -128; 26764; 11424; 50.084312776553666; 19.990906294611136
-16228; 1007; 19932; -27208; 24332; 6704; 50.084312776553666; 19.990906294611136
6883; 12002; 13612; -12160; -29048; -19328; 50.084312776553666; 19.990906294611136
5970; -11341; -24237; 12768; -30568; -25552; 50.084312776553666; 19.990906294611136
-6320; -11881; -21654; 18080; 7907; -10512; 50.0843075509785; 19.99093755982594
10620; -12329; -5860; 4416; -21584; 10656; 50.0843075509785; 19.99093755982594
4060; 25130; -23855; 27808; 7608; 3656; 50.0843075509785; 19.99093755982594
-20579; 15132; 10482; -13504; 32240; 17504; 50.0843075509785; 19.99093755982594
-28352; 2527; 8249; -5760; -21289; -18244; 50.0843075509785; 19.99093755982594
-12491; -8443; -29411; 18096; 16112; 4248; 50.0843075509785; 19.99093755982594
-29506; 409; -2190; -11232; 15813; 22810; 50.0843075509785; 19.99093755982594
4142; -28813; -3336; 5768; 29195; 25392; 50.0843075509785; 19.99093755982594
-7683; 5201; 18487; -8968; -13532; 6088; 50.08430099374634; 19.990970463669548
2997; -32176; -4698; 4100; 11099; -15813; 50.08430099374634; 19.990970463669548
-18976; -26986; 21311; -23424; -1056; 6704; 50.08430099374634; 19.990970463669548
-3639; 24366; 23843; 24628; -12621; -25392; 50.08430099374634; 19.990970463669548
-20122; 27481; -5919; 32688; 23256; -13848; 50.08430099374634; 19.990970463669548
2532; -24545; 11852; -5152; -14752; -22512; 50.08430099374634; 19.990970463669548
-4178; 31608; -28738; 12621; -13992; -1984; 50.08430099374634; 19.990970463669548
24662; 32671; -8742; -24800; -12768; 7146; 50.084294298284206; 19.99100200218775
-30734; -32010; 23843; -4272; -18544; 31184; 50.084294298284206; 19.99100200218775
-22264; -26521; 23295; -31328; 25704; 31040; 50.084294298284206; 19.99100200218775
-31872; -4789; 25205; 25242; 27232; -1504; 50.084294298284206; 19.99100200218775
-15696; -1883; -26828; -17760; 2136; 8224; 50.084294298284206; 19.99100200218775
-17066; 23760; -8195; 23868; -18096; -17188; 50.084294298284206; 19.99100200218775
11226; -16689; -12936; -10040; -13848; 4248; 50.084294298284206; 19.99100200218775
21988; -1127; -18201; 13382; 8816; -13088; 50.084294298284206; 19.99100200218775
-21808; 29017; -25143; 8816; 10952; 19006; 50.084294298284206; 19.99100200218775
24130; -18831; 31309; -18560; -19916; -18858; 50.084294298284206; 19.99100200218775
21075; 1854; -15535; -27360; -25242; -17188; 50.084287663362375; 19.991034432870695
24280; -12105; -3635; -10976; -22958; 17632; 50.084287663362375; 19.991034432870695
-15015; 31765; -13700; -12176; 8368; -8200; 50.084287663362375; 19.991034432870695
-13105; 3150; 19027; 14736; 320; 8976; 50.084287663362375; 19.991034432870695
-27895; -22426; -16074; 1522; 13382; -18244; 50.084287663362375; 19.991034432870695
-28659; 18778; -5927; -25392; -30568; 31776; 50.084287663362375; 19.991034432870695
-19898; 6454; -14432; -5504; -3520; 27328; 50.084287663362375; 19.991034432870695
-8073; -5478; 11230; 11840; -32388; 11860; 50.084287663362375; 19.991034432870695
3993; 15266; 8465; 21408; -10338; -6848; 50.08427797390362; 19.991065173429863
-3107; -31612; 4162; -3340; -12472; -31480; 50.08427797390362; 19.991065173429863
-25304; 27564; -24112; -28136; 4568; 14752; 50.08427797390362; 19.991065173429863
-25761; 866; -3568; 5504; -29344; 17648; 50.08427797390362; 19.991065173429863
-24623; -21855; -22245; -28584; 8816; -26002; 50.08427797390362; 19.991065173429863
17720; -10735; -12038; -6236; 7292; -9136; 50.08427797390362; 19.991065173429863
-13786; -205; 5965; -23868; 16724; -21904; 50.08427797390362; 19.991065173429863
-10431; 17275; 24973; 9136; -23572; 13532; 50.08427797390362; 19.991065173429863
17413; 24823; -10270; 3680; -10338; 12328; 50.08427797390362; 19.991065173429863
-3788; -19055; 11703; -11840; 2432; -16574; 50.08427099769841; 19.99109765043044
19015; -12495; -7140; 9136; -2136; 15352; 50.08427099769841; 19.99109765043044
-449; -4257; -13259; -14304; 4100; -1072; 50.08427099769841; 19.99109765043044
32443; 7725; 19550; 2284; -20976; 320; 50.08427099769841; 19.99109765043044
19480; -737; -21099; 3168; 11408; -16112; 50.08427099769841; 19.99109765043044
-12416; -11731; 18263; -26002; 24628; 17632; 50.08427099769841; 19.99109765043044
-18063; -31345; -21663; 22976; -31776; 27524; 50.08427099769841; 19.99109765043044
31148; -15393; 20696; 19328; -21436; 2752; 50.08426209663169; 19.991127093625785
22685; 20838; -30963; 18416; -32388; -8056; 50.08426209663169; 19.991127093625785
-12109; -280; -8825; 6536; 10338; 22958; 50.08426209663169; 19.991127093625785
3910; 7194; -21705; 10338; 7584; 19152; 50.08426209663169; 19.991127093625785
-6619; -23091; -7596; 7907; 14292; 15813; 50.08426209663169; 19.991127093625785
12231; -18839; 29864; 5648; -464; -12176; 50.08426209663169; 19.991127093625785
-21193; -30042; 1787; -15200; 12768; 14736; 50.08426209663169; 19.991127093625785
-2891; -6616; 29556; -5024; -20380; -18560; 50.08426209663169; 19.991127093625785
25875; -1584; -6923; 13696; 4880; 19648; 50.08426209663169; 19.991127093625785
27568; -20118; 30860; -5768; 21904; -23408; 50.08425930000203; 19.991160620202255
-24623; 7784; -737; 2880; 31626; -2432; 50.08425930000203; 19.991160620202255
-17988; 24508; -28797; 5476; -7456; 31016; 50.08425930000203; 19.991160620202255
-31108; 18728; 13994; 19152; -21752; -17800; 50.08425930000203; 19.991160620202255
-31490; -985; 21153; -20976; 8816; -8667; 50.08425930000203; 19.991160620202255
4906; 3449; 21775; -29195; -32536; -25392; 50.08425930000203; 19.991160620202255
-890; 18936; 2402; -16574; 22958; 15200; 50.08425930000203; 19.991160620202255
6576; -26064; -20559; -6384; 3632; -23120; 50.08425930000203; 19.991160620202255
-14475; 15581; -10203; 14880; 13232; 19006; 50.084252122497325; 19.991195147607144
17255; 8954; 28651; 16872; 612; 30718; 50.084252122497325; 19.991195147607144
3835; 9478; 13912; -15840; -24016; 11408; 50.084252122497325; 19.991195147607144
-4328; 31990; 3548; -6680; 29808; -28584; 50.084252122497325; 19.991195147607144
-5623; 10242; 28726; -27968; -1376; -17944; 50.084252122497325; 19.991195147607144
-19059; 11612; 30395; -23280; 6536; 21728; 50.084252122497325; 19.991195147607144
-3564; -21115; 11703; -8056; 7146; -20527; 50.084252122497325; 19.991195147607144
1851; 19393; 22988; 27984; -24481; -16724; 50.084252122497325; 19.991195147607144
-7076; 3299; 1023; 30256; 3044; 18096; 50.0842445318999; 19.991226316932924
-8297; -13176; -26131; 8200; -28584; 19767; 50.0842445318999; 19.991226316932924
4674; -18914; 5823; 22512; 28435; 24332; 50.0842445318999; 19.991226316932924
23367; 10549; 18802; -8520; -3954; 18244; 50.0842445318999; 19.991226316932924
21000; 8265; 3622; 21728; -10952; 30256; 50.0842445318999; 19.991226316932924
-29663; -17760; -31636; -28880; -19620; 24332; 50.0842445318999; 19.991226316932924
29088; 9702; -9357; -761; -22664; -11712; 50.0842445318999; 19.991226316932924
13369; -6076; 15447; -15984; 30866; -14904; 50.0842445318999; 19.991226316932924
-14251; 3681; -5387; 10952; 8667; -31016; 50.0842445318999; 19.991226316932924
-3339; 29773; -2489; -3340; -908; -30256; 50.084237860471696; 19.99125543961943
31529; 12384; 18877; 10632; 22810; 7146; 50.084237860471696; 19.99125543961943
11691; -14629; 12782; -25216; -28880; 17504; 50.084237860471696; 19.99125543961943
-14392; 5874; -10254; -31920; -6236; 13680; 50.084237860471696; 19.99125543961943
31372; -24478; -12554; 24628; -6848; -15216; 50.084237860471696; 19.99125543961943
-19823; 10773; -25292; 6560; 31160; 31776; 50.084237860471696; 19.99125543961943
-24241; -11731; -23906; 27808; 24944; 908; 50.084237860471696; 19.99125543961943
-29589; 21917; -14440; 1504; -18544; 4416; 50.084237860471696; 19.99125543961943
-27753; 609; 26741; -10632; 3632; -22664; 50.084237860471696; 19.99125543961943
16192; 28320; -31546; -27072; 17484; -25704; 50.08422791574442; 19.99128443441647
-31573; 8954; 28194; 6536; -28136; 32064; 50.08422791574442; 19.99128443441647
-6927; 31982; -10884; -14584; -26002; -11712; 50.08422791574442; 19.99128443441647
2540; -1592; 6969; 23120; -19006; -30866; 50.08422791574442; 19.99128443441647
22595; 7036; 1713; 25680; -19916; -23720; 50.08422791574442; 19.99128443441647
9781; 8107; 28568; -9600; -2728; -12920; 50.08422791574442; 19.99128443441647
32443; 8788; -7140; -12472; 18712; 18712; 50.08422791574442; 19.99128443441647
27178; -26380; -2257; -19168; -12160; 23424; 50.08422791574442; 19.99128443441647
-7765; 15440; 18885; 1376; 8368; 14608; 50.08422103525461; 19.991317114852578
3379; -5411; -17677; 18416; -8056; -19304; 50.08422103525461; 19.991317114852578
-8521; 4063; -5072; -4248; -32240; 2284; 50.08422103525461; 19.991317114852578
-12873; 12069; 3548; -15520; 15648; -28752; 50.08422103525461; 19.991317114852578
-23410; 28560; -8967; 24160; -18560; -27232; 50.08422103525461; 19.991317114852578
-7765; -12428; 5898; 17188; 30718; -24776; 50.08422103525461; 19.991317114852578
-14782; -16074; 14841; -23280; -6996; -10952; 50.08422103525461; 19.991317114852578
-22713; -9215; -28888; 27820; -24481; 11099; 50.08422103525461; 19.991317114852578
24205; -7455; 21701; -17776; -2284; 18096; 50.08422103525461; 19.991317114852578
31073; 15498; -8900; -25840; 22958; 31920; 50.08422103525461; 19.991317114852578
-10207; -20650; -27883; -19620; 16724; -7608; 50.08421469663626; 19.991350605614656
-13719; -27534; -25151; 11744; -29048; 24332; 50.08421469663626; 19.991350605614656
-9368; -7770; -30640; 17024; 8520; 23572; 50.08421469663626; 19.991350605614656
-13944; -31727; 31923; -10976; -5768; -23104; 50.08421469663626; 19.991350605614656
-31490; 4445; 26434; 12128; -26296; -3192; 50.08421469663626; 19.991350605614656
24430; -28522; 7277; -15813; -31776; -11248; 50.08421469663626; 19.991350605614656
-2575; 27489; 23677; -32536; 14904; 3044; 50.08421469663626; 19.991350605614656
-7383; -27825; 1090; -23868; 19767; 2432; 50.08421469663626; 19.991350605614656
10778; 29540; 11620; 31328; 29344; 15813; 50.08421469663626; 19.991350605614656
13294; 18712; -18209; 20512; 6996; 28435; 50.08420339102167; 19.991382235016776
30616; 2087; -11258; 29808; 4714; 30718; 50.08420339102167; 19.991382235016776
27793; -9522; 5815; -23392; -17800; 24481; 50.08420339102167; 19.991382235016776
-11959; 27331; -31554; 27072; 15352; -25704; 50.08420339102167; 19.991382235016776
26265; -14862; 20098; -1522; -17944; -30424; 50.08420339102167; 19.991382235016776
2989; 19401; -21556; 28112; 12768; -28896; 50.08420339102167; 19.991382235016776
-27604; 19775; 417; 26464; 22512; 10656; 50.08420339102167; 19.991382235016776
17338; -27982; 21401; 22368; 9280; -20824; 50.08420339102167; 19.991382235016776
-26151; -16846; 8048; -13848; -21584; -27673; 50.08420339102167; 19.991382235016776
30990; -20434; 14833; 24628; -30866; 11712; 50.08419579879462; 19.99141390051006
-19516; 326; -23997; -13232; -11860; -8056; 50.08419579879462; 19.99141390051006
-1811; 19625; 16511; 13532; 5328; 29656; 50.08419579879462; 19.99141390051006
10179; -6416; 14277; -18858; 27064; 14440; 50.08419579879462; 19.99141390051006
-6462; -22320; -19587; -5344; -5624; -5624; 50.08419579879462; 19.99141390051006
-30419; -1650; -29037; 11840; 12008; -17944; 50.08419579879462; 19.99141390051006
9324; -27509; -26978; -12944; 25840; 4544; 50.08419579879462; 19.99141390051006
-7765; -11258; -24395; -11712; 15352; -5936; 50.08419579879462; 19.99141390051006
6808; 4536; 16727; 31136; -6536; -17484; 50.08419579879462; 19.99141390051006
-29730; 22465; 10242; 30568; -6536; -25072; 50.084188770625786; 19.99144669493078
-3257; 12998; -18441; -1360; 6384; -18858; 50.084188770625786; 19.99144669493078
-5474; -29884; 9253; 20080; 3954; 9429; 50.084188770625786; 19.99144669493078
-27297; 6587; 29025; 2728; 9429; -29195; 50.084188770625786; 19.99144669493078
-13786; -363; 5898; -5328; 24481; -8520; 50.084188770625786; 19.99144669493078
21839; 4453; -5844; -10176; -9429; -15052; 50.084188770625786; 19.99144669493078
30691; -7612; -2174; 19168; -4568; -24944; 50.084188770625786; 19.99144669493078
-11577; 5142; 15140; -19304; 16872; -2752; 50.084179642550936; 19.991480214890117
-15779; 18928; 20015; -16224; -4714; 23572; 50.084179642550936; 19.991480214890117
-23942; 16420; 16826; -4128; -23572; -4416; 50.084179642550936; 19.991480214890117
-18295; -20650; -28183; -7488; -29344; 27208; 50.084179642550936; 19.991480214890117
-22414; 700; -15917; 5792; 14464; 1696; 50.084179642550936; 19.991480214890117
-19972; -20118; -4233; -17944; -3340; 12328; 50.084179642550936; 19.991480214890117
8868; 700; 12159; 24776; -23104; -27820; 50.084179642550936; 19.991480214890117
-23327; -21879; 29249; -31040; -25392; 2896; 50.084179642550936; 19.991480214890117
9482; 31450; -28880; -3360; 7907; 5476; 50.0841725732282; 19.991511052753154
-24166; 26883; -5903; 25072; -22224; 2256; 50.0841725732282; 19.991511052753154
29844; 9627; -14098; 30544; 25840; -28448; 50.0841725732282; 19.991511052753154
16341; -27435; -2879; 23584; 4714; -29488; 50.0841725732282; 19.991511052753154
29545; 7733; 28859; 16112; 5936; 25552; 50.0841725732282; 19.991511052753154
-2575; 6363; 3075; -16112; 4714; 13992; 50.0841725732282; 19.991511052753154
1851; -31262; -12105; 10338; -23572; 18244; 50.0841725732282; 19.991511052753154
-5706; 19409; 1248; -8520; 8056; -32088; 50.0841725732282; 19.991511052753154
-30726; -13251; 10615; -25680; 6384; -27820; 50.0841725732282; 19.991511052753154
-24615; 25811; 25205; 12920; -15520; 12920; 50.0841725732282; 19.991511052753154
20693; 6363; 14676; 9088; 908; 16256; 50.0841694466223; 19.99154464201591
1693; -10112; 2236; -6832; -11860; 14904; 50.0841694466223; 19.99154464201591
25044; 28170; 7576; -30104; 2432; 4714; 50.0841694466223; 19.99154464201591
-13794; -11574; 31990; -29488; -14904; -18096; 50.0841694466223; 19.99154464201591
32061; 25130; 7725; -7760; -9280; 7440; 50.0841694466223; 19.99154464201591
-5399; 24516; -2796; -928; 22810; 31626; 50.0841694466223; 19.99154464201591
27485; -17004; 11305; 22958; -29344; -30866; 50.0841694466223; 19.99154464201591
-21650; 15058; 22307; 20824; 26002; 6384; 50.0841694466223; 19.99154464201591
-25312; -30565; -2572; 18096; -24776; 13992; 50.0841694466223; 19.99154464201591
-1; -1; -1; 27208; 32240; 5328; 50.084157932463846; 19.991573380032953
17795; -9971; 3839; -19916; 24481; -27673; 50.084157932463846; 19.991573380032953
-24390; 31840; 25114; -15200; -26912; -26912; 50.084157932463846; 19.991573380032953
13983; -24462; -13558; 3044; 7760; 18712; 50.084157932463846; 19.991573380032953
11309; 16353; 2161; -26002; -7146; -1522; 50.084157932463846; 19.991573380032953
-16153; -13409; -31022; 32388; -10952; 16112; 50.084157932463846; 19.991573380032953
13136; 11927; 29100; 3192; -20527; -20527; 50.084157932463846; 19.991573380032953
-16618; 3374; 12309; 20232; -27064; -20676; 50.084157932463846; 19.991573380032953
25576; -26986; -15834; -24656; 29195; 1522; 50.08415131589926; 19.991605382120216
-14708; 1397; 27414; -23572; -7608; -30568; 50.08415131589926; 19.991605382120216
-15472; 21311; -32400; 11840; 4568; -18244; 50.08415131589926; 19.991605382120216
-10738; -21339; -30416; 11712; 6236; -23104; 50.08415131589926; 19.991605382120216
480; -9971; 19641; -10632; -22050; 8667; 50.08415131589926; 19.991605382120216
-18295; -25840; 10639; 5328; -22664; 3488; 50.08415131589926; 19.991605382120216
22063; 26036; -24312; -22664; -13382; 23104; 50.08415131589926; 19.991605382120216
-23560; 10931; -11109; 16400; 5624; 15200; 50.08415131589926; 19.991605382120216
30990; -19512; -7222; 15664; -9576; -22198; 50.084144364805674; 19.991634552563188
-19665; -23241; 3008; 5768; 25092; -12008; 50.084144364805674; 19.991634552563188
-27297; 10391; -9132; 1816; 18858; -29195; 50.084144364805674; 19.991634552563188
2075; 7202; 16361; 25984; -3192; -20527; 50.084144364805674; 19.991634552563188
-19134; 25355; 6131; -13382; -20527; -20527; 50.084144364805674; 19.991634552563188
32061; 6804; -30349; 27984; -31776; -5920; 50.084144364805674; 19.991634552563188
22910; -14090; -9431; -5328; -3340; -19152; 50.084144364805674; 19.991634552563188
-24166; 11321; 4154; 7146; -1670; 18096; 50.084144364805674; 19.991634552563188
-16842; 7343; 15506; 16424; 3192; -31626; 50.08413345280222; 19.991664342936723
5970; 15357; 10324; 5008; -25392; -6536; 50.08413345280222; 19.991664342936723
5438; 31068; -28191; -29632; 12768; 6996; 50.08413345280222; 19.991664342936723
-2883; -10735; -15527; 21140; -1984; 24928; 50.08413345280222; 19.991664342936723
-12648; -3336; 7966; 9600; 21584; -6088; 50.08413345280222; 19.991664342936723
-16161; 30072; 27414; 320; -20380; -25092; 50.08413345280222; 19.991664342936723
1843; 29009; -4316; -5024; -17484; 31626; 50.08413345280222; 19.991664342936723
-2351; -7222; -15452; 2576; 32240; 17335; 50.08413345280222; 19.991664342936723
-21575; -18599; -23166; -22958; -7440; 15520; 50.08413345280222; 19.991664342936723
-7915; -10743; 30702; -27064; -27064; 30568; 50.08413345280222; 19.991664342936723
-27604; 4288; -8817; 10488; 6236; 12768; 50.08412609172735; 19.991705594353895
16798; 30537; -10802; 20824; -17335; -28136; 50.08412609172735; 19.991705594353895
-19980; -18217; 29017; 23256; -10488; 19620; 50.08412609172735; 19.991705594353895
29088; 25114; -6766; -22224; -9576; -16724; 50.08412609172735; 19.991705594353895
-9518; -9506; 8655; 23712; 24481; 15960; 50.08412609172735; 19.991705594353895
22677; 12541; -8526; -4100; 9280; -5152; 50.08412609172735; 19.991705594353895
-19358; -8675; -8069; -2576; 9576; 25092; 50.08412609172735; 19.991705594353895
16956; 5666; -3186; -15520; 20676; 22050; 50.08412609172735; 19.991705594353895
27867; -25757; -17055; 14142; -24184; -10952; 50.08412609172735; 19.991705594353895
-26533; -32707; -363; 7760; -612; -7608; 50.08412088213043; 19.991737528721508
-13711; 18031; 31608; -22496; -12472; -31328; 50.08412088213043; 19.991737528721508
-11046; 17574; -25915; -20676; -29048; 1968; 50.08412088213043; 19.991737528721508
24430; -15236; -14704; -31456; 761; 761; 50.08412088213043; 19.991737528721508
-26765; 10017; -12794; 1056; 6996; 26764; 50.08412088213043; 19.991737528721508
-11884; -19811; 20937; -2284; 15520; -28728; 50.08412088213043; 19.991737528721508
24737; -1584; 3008; -25072; -1522; -11099; 50.08412088213043; 19.991737528721508
15129; -31503; 29930; 3804; 15960; -29808; 50.08412088213043; 19.991737528721508
-30502; 15124; 31234; -27524; 1522; -11860; 50.08412088213043; 19.991737528721508
16117; 17873; 1173; -29195; 17484; -11712; 50.08412088213043; 19.991737528721508
27029; -15244; 5674; -16724; 8056; -15520; 50.084116250554985; 19.99176873875252
-6462; 26028; 5060; -19916; 16574; 17335; 50.084116250554985; 19.99176873875252
10927; 30462; 1638; -12176; -22050; 15200; 50.084116250554985; 19.99176873875252
2839; 32289; 21543; 12328; 12008; -2136; 50.084116250554985; 19.99176873875252
30608; 1090; 5906; -4416; -31480; -24332; 50.084116250554985; 19.99176873875252
17105; 17109; 19484; 24016; 1072; 20232; 50.084116250554985; 19.99176873875252
31081; 3606; -29254; 12160; -25392; 28608; 50.084116250554985; 19.99176873875252
19779; 20488; 24457; 29656; 4416; 11712; 50.084116250554985; 19.99176873875252
28092; 28004; 6977; -16864; -30718; 19328; 50.08410801563405; 19.991800962128607
-28825; 10127; 29690; 8128; -5176; -14904; 50.08410801563405; 19.991800962128607
-16228; 2792; 23303; -3504; -14128; 23424; 50.08410801563405; 19.991800962128607
29919; -15153; 2394; -23888; -9312; -26176; 50.08410801563405; 19.991800962128607
10628; 23520; 24575; 12448; 10208; -24464; 50.08410801563405; 19.991800962128607
-28509; 6729; -15602; 26912; 18712; 20232; 50.08410801563405; 19.991800962128607
-13030; 18487; -2024; -8056; 8352; 4100; 50.08410801563405; 19.991800962128607
25276; 999; -28199; 23572; -12328; 9872; 50.08410801563405; 19.991800962128607
-31108; -8683; -24537; 28136; 21436; 26152; 50.08410801563405; 19.991800962128607
4292; -25308; 6371; 15052; -14752; -31184; 50.08410801563405; 19.991800962128607
-11195; 16877; -25143; -28136; 3488; 3632; 50.084101170256105; 19.991835142843577
-32412; 20614; 24217; 20352; 7292; -25552; 50.084101170256105; 19.991835142843577
15727; 28485; -5852; -12472; -21436; 12621; 50.084101170256105; 19.991835142843577
24969; -22186; 26036; -2576; -8352; -30848; 50.084101170256105; 19.991835142843577
25276; 24740; 24150; 11744; -27064; -26752; 50.084101170256105; 19.991835142843577
-11187; -23647; 16818; -29792; 20380; 28896; 50.084101170256105; 19.991835142843577
18251; 8556; 14758; 9576; 12920; 4100; 50.084101170256105; 19.991835142843577
-3347; -25316; -9049; -13696; -26464; 1200; 50.084101170256105; 19.991835142843577
26107; 31616; 5449; 24776; 25242; -23868; 50.084101170256105; 19.991835142843577
5820; -23639; -30034; 16574; -28584; -21584; 50.0840943886903; 19.991866722270483
17338; 708; 6446; -10190; -30718; 26002; 50.0840943886903; 19.991866722270483
25119; -11274; -10959; 15052; -27524; -8520; 50.0840943886903; 19.991866722270483
-19059; -22178; -272; 9429; 26002; -2432; 50.0840943886903; 19.991866722270483
27867; -2887; 29623; -15664; -19767; 19767; 50.0840943886903; 19.991866722270483
3370; 16270; -28589; 25840; 24481; 9576; 50.0840943886903; 19.991866722270483
-24780; 31691; -10577; -10190; -24628; 14752; 50.0840943886903; 19.991866722270483
-28360; 30080; -31105; -6832; -27820; -13072; 50.0840943886903; 19.991866722270483
26647; -31487; 21618; 908; 19767; 26764; 50.0840943886903; 19.991866722270483
27320; 30860; 3174; -29984; 24016; 7440; 50.08409127884968; 19.99190191717189
-5474; -7604; -30656; 28896; 27376; -15960; 50.08409127884968; 19.99190191717189
18791; -26986; 6114; 12920; -15352; -12304; 50.08409127884968; 19.99190191717189
3686; 999; 16885; -8368; -6236; -21584; 50.08409127884968; 19.99190191717189
-10664; -7596; -19322; -3340; 288; 26592; 50.08409127884968; 19.99190191717189
-13885; 21709; 7544; 6064; 14142; 5768; 50.08409127884968; 19.99190191717189
9939; 17200; 2177; -761; 31480; -30866; 50.08409127884968; 19.99190191717189
4052; -25915; -14256; -12328; 15664; 14440; 50.084083022147034; 19.991933484687074
22445; -7986; -22253; 32064; -17335; -12328; 50.084083022147034; 19.991933484687074
-17921; -23773; -14862; 2728; 15520; -19916; 50.084083022147034; 19.991933484687074
1319; 9261; -31719; 761; -30104; -19152; 50.084083022147034; 19.991933484687074
-4103; 17507; 8332; 15520; 28284; 18560; 50.084083022147034; 19.991933484687074
-3107; -4781; 25430; 21752; -32240; 4568; 50.084083022147034; 19.991933484687074
-12034; 3299; 2311; -26320; 14584; -3360; 50.084083022147034; 19.991933484687074
-14940; -32085; 30462; -1360; 26912; 12768; 50.084083022147034; 19.991933484687074
-20122; -28124; 15506; -18368; -25242; -27820; 50.084083022147034; 19.991933484687074
-22945; 28253; 29158; -1670; -20527; 26002; 50.084077167010655; 19.991965402965654
28399; 26575; -20193; -30880; 19006; 23720; 50.084077167010655; 19.991965402965654
-22489; 14758; -2796; -13680; -30718; 16424; 50.084077167010655; 19.991965402965654
16582; -8675; 13904; -11232; -23720; -4248; 50.084077167010655; 19.991965402965654
-27753; -27907; -5163; 24944; -18858; 13532; 50.084077167010655; 19.991965402965654
-11427; -14472; -10802; -5476; 20352; 18832; 50.084077167010655; 19.991965402965654
-20055; -26828; 6272; 15813; -3804; -13696; 50.084077167010655; 19.991965402965654
12223; -12637; -7230; 14752; -28728; 1072; 50.084077167010655; 19.991965402965654
10778; 28103; -7911; 5328; 25704; -25680; 50.084077167010655; 19.991965402965654
-6619; 401; -21339; -23868; 7608; 5176; 50.08407251687983; 19.991994477363942
-9443; 9942; 24059; -4832; -17632; -28880; 50.08407251687983; 19.991994477363942
-16460; 4670; 17424; -22512; -6088; -20232; 50.08407251687983; 19.991994477363942
-17381; 24350; 24425; 14584; -9429; 30256; 50.08407251687983; 19.991994477363942
-1122; 28410; 11852; -13532; 24481; -2576; 50.08407251687983; 19.991994477363942
-12341; -22477; 27190; 32704; 19006; 22198; 50.08407251687983; 19.991994477363942
32667; -23564; -6923; -27064; 27524; 21904; 50.08407251687983; 19.991994477363942
9557; 31367; -30880; -6368; 25092; 3656; 50.08407251687983; 19.991994477363942
2615; -23099; 9261; 5024; 612; 4416; 50.08406522259144; 19.992027841695556
-13562; 30844; -5238; 30104; -21289; 27820; 50.08406522259144; 19.992027841695556
-19740; -3643; 19940; 27208; -19620; 24776; 50.08406522259144; 19.992027841695556
-25162; -26679; -30640; -16424; -22664; 24016; 50.08406522259144; 19.992027841695556
1386; -30798; -29660; 30718; 12472; 18858; 50.08406522259144; 19.992027841695556
1162; 16885; -23017; 7744; 29048; 11712; 50.08406522259144; 19.992027841695556
-23709; -32625; 24981; -22512; 16574; -20380; 50.08406522259144; 19.992027841695556
13369; -10046; 20846; 26764; 1522; 761; 50.08406522259144; 19.992027841695556
-9667; 24890; 16959; -416; -8056; 7456; 50.08406522259144; 19.992027841695556
6277; -6002; -20642; -20676; 26152; 3954; 50.08406522259144; 19.992027841695556
-2493; -11208; 4362; 3954; 29488; -32704; 50.08405846019531; 19.99206081252921
-17763; 23370; -32550; 8667; -26764; 9576; 50.08405846019531; 19.99206081252921
18858; 29864; -414; 20527; 15813; 30866; 50.08405846019531; 19.99206081252921
11234; 30977; 30761; 8672; -16724; 28136; 50.08405846019531; 19.99206081252921
-9443; -12420; -18433; -25392; -15052; -14292; 50.08405846019531; 19.99206081252921
16723; -24619; 13695; -22664; 19916; 32536; 50.08405846019531; 19.99206081252921
-3265; 15050; 32147; 10016; 11248; -19328; 50.08405846019531; 19.99206081252921
398; -28821; -8675; 10488; -19767; 26764; 50.08405846019531; 19.99206081252921
-17681; 11155; 23827; -12008; -3488; -9120; 50.084049929931865; 19.992093405607648
26414; 25056; -3934; -18560; 7760; -8816; 50.084049929931865; 19.992093405607648
25194; 8332; -8376; 23408; -30256; 3656; 50.084049929931865; 19.992093405607648
18177; -26297; -19961; 9429; -15960; -27820; 50.084049929931865; 19.992093405607648
12837; -28963; 16054; -2284; -32388; -24481; 50.084049929931865; 19.992093405607648
9250; 23512; -9979; -12768; -24332; -22050; 50.084049929931865; 19.992093405607648
-16153; 6895; -25068; 3488; 15200; -464; 50.084049929931865; 19.992093405607648
26340; -10876; 15680; 5768; 27673; 23720; 50.08404139128324; 19.99212740691553
-31341; -18524; -26081; -27968; -20380; 28584; 50.08404139128324; 19.99212740691553
-30801; -2497; 20389; 25092; -27524; -2136; 50.08404139128324; 19.99212740691553
14971; -32550; 11852; -20527; 15052; 32536; 50.08404139128324; 19.99212740691553
11384; 26036; 16577; -7440; 1670; -31328; 50.08404139128324; 19.99212740691553
28399; 25579; -16689; -26272; -19006; 6088; 50.08404139128324; 19.99212740691553
-4560; -20343; 31998; -8976; 16424; -18244; 50.08404139128324; 19.99212740691553
-10589; -5636; 7501; 16724; -27673; 14904; 50.08403433745064; 19.99215839554025
-4485; -29345; 18038; -3804; 26764; -21436; 50.08403433745064; 19.99215839554025
-23178; -21339; -4092; -19472; -2576; 32240; 50.08403433745064; 19.99215839554025
-13711; -14023; -17145; -22958; -12160; -24928; 50.08403433745064; 19.99215839554025
32368; -28971; -12329; -13532; 9576; 5476; 50.08403433745064; 19.99215839554025
-17913; 3150; -24537; 908; -3656; 26448; 50.08403433745064; 19.99215839554025
-8222; -2339; -23316; -3340; 13680; 20064; 50.08403433745064; 19.99215839554025
-26234; -23548; -24993; -7744; -19620; -612; 50.08403433745064; 19.99215839554025
32742; -20500; -9971; 7907; 17484; -28284; 50.08402851109473; 19.992189801799142
323; -26529; 6131; 4714; 32088; -31920; 50.08402851109473; 19.992189801799142
4442; -15850; 15514; -31184; 8368; 17800; 50.08402851109473; 19.992189801799142
-11577; 12151; -10038; -19328; -11860; 32388; 50.08402851109473; 19.992189801799142
11766; 12766; 25430; 2432; 18858; 26002; 50.08402851109473; 19.992189801799142
-16003; 11005; -28207; 12768; 31480; -19916; 50.08402851109473; 19.992189801799142
28249; -30266; -9124; -12008; 31480; 32240; 50.08402851109473; 19.992189801799142
21839; 32222; -3170; -10952; 19916; -30568; 50.08402851109473; 19.992189801799142
13160; -1220; -1220; 11392; -2136; -25704; 50.08402851109473; 19.992189801799142
-1355; 11080; -19288; 20676; 13532; -19767; 50.08401980982215; 19.992221312477206
-25288; -1220; -1220; -11560; 5624; -9280; 50.08401980982215; 19.992221312477206
-20047; -26372; 799; -9872; -18096; -14904; 50.08401980982215; 19.992221312477206
27485; 24740; 31840; 10952; 11099; -27673; 50.08401980982215; 19.992221312477206
26946; 7119; -18433; -12176; 24628; 8352; 50.08401980982215; 19.992221312477206
32360; -24237; 31151; 5176; -30866; 5328; 50.08401980982215; 19.992221312477206
-24772; 8107; 30088; -11392; -9576; 13232; 50.08401980982215; 19.992221312477206
22603; 933; -31412; 1670; 7146; 7292; 50.08401980982215; 19.992221312477206
-5856; 27107; -30416; -6088; 22050; -18244; 50.08401206912527; 19.992252194453872
-13030; -24163; -21256; -12472; 19620; 8520; 50.08401206912527; 19.992252194453872
-25237; -28589; 12766; -9136; 3044; 24332; 50.08401206912527; 19.992252194453872
11234; -8908; -25076; 28136; -4248; 17504; 50.08401206912527; 19.992252194453872
9482; 22299; 16818; 19006; -15520; 8200; 50.08401206912527; 19.992252194453872
-25312; -26911; -15618; 10952; 16112; -4272; 50.08401206912527; 19.992252194453872
17031; -20650; 15813; 31040; 12328; 8224; 50.08401206912527; 19.992252194453872
4524; 28021; -11192; -13680; 26616; 24184; 50.084006823773095; 19.992286890747064
26879; 22523; 15739; 3024; -29195; 29344; 50.084006823773095; 19.992286890747064
13825; 28710; 25205; -2752; -11712; -21904; 50.084006823773095; 19.992286890747064
-10971; 28560; -280; -12472; -15052; -17335; 50.084006823773095; 19.992286890747064
7722; 9560; -3793; -3044; 26912; 18244; 50.084006823773095; 19.992286890747064
-20047; -18673; -24021; -15352; -3954; 16424; 50.084006823773095; 19.992286890747064
-9518; 4229; -19189; 9264; 29195; -15664; 50.084006823773095; 19.992286890747064
19472; -25151; 8871; 12640; -10338; 22512; 50.084006823773095; 19.992286890747064
-21418; -29195; -8518; -27360; -32536; -27208; 50.084006823773095; 19.992286890747064
-2193; -22253; -21107; 6384; 28728; -3656; 50.08399653533018; 19.99231304840266
-15397; -4092; -2190; -8520; -21904; -28896; 50.08399653533018; 19.99231304840266
-13487; 10399; -3029; 11099; -17335; -10952; 50.08399653533018; 19.99231304840266
26647; 14593; -25533; 27673; 19767; -7760; 50.08399653533018; 19.99231304840266
-22339; -21646; 29009; -10800; 20527; 26152; 50.08399653533018; 19.99231304840266
6958; -15003; -10510; -21728; -12920; 23888; 50.08399653533018; 19.99231304840266
-21418; -10959; -2564; -30568; 12472; 4416; 50.08399653533018; 19.99231304840266
555; 8871; -12944; -7440; -7760; -15813; 50.08399653533018; 19.99231304840266
-14932; -10353; 6513; 7920; 24628; 12920; 50.08398863025007; 19.992349844185597
24430; 25662; -4084; -27360; -5936; -2752; 50.08398863025007; 19.992349844185597
28631; 29773; -21190; -29360; -18560; 25984; 50.08398863025007; 19.992349844185597
18326; 4304; -13865; -25242; -24016; -21728; 50.08398863025007; 19.992349844185597
-29730; -6990; 14061; 23868; 9896; 20080; 50.08398863025007; 19.992349844185597
-15164; -16000; -9132; -24184; 14752; -16724; 50.08398863025007; 19.992349844185597
14822; 13912; 27564; 32088; -31776; 8520; 50.08398863025007; 19.992349844185597
4824; -25068; -30034; 29656; -8816; -27820; 50.08398863025007; 19.992349844185597
-3796; -3493; 29607; 29824; -3024; -32368; 50.083981466785104; 19.992387000662603
1784; 29548; 11179; 31626; -22050; 10488; 50.083981466785104; 19.992387000662603
-28143; -5529; -17370; 31480; 928; 18720; 50.083981466785104; 19.992387000662603
14149; 4661; -4025; 13232; 12328; -8200; 50.083981466785104; 19.992387000662603
-30801; -9731; 4985; 26296; -3192; -12160; 50.083981466785104; 19.992387000662603
-18362; -19670; -29585; -29936; 29195; -20976; 50.083981466785104; 19.992387000662603
-13637; 18645; -23009; -19792; 23572; -22496; 50.083981466785104; 19.992387000662603
-10498; 8481; 8730; 24016; 20976; 1360; 50.083981466785104; 19.992387000662603
-16543; 25571; -21414; 6996; 8496; -8672; 50.08397673719212; 19.992422872739006
20086; -20036; 18952; 25092; -18858; 1670; 50.08397673719212; 19.992422872739006
-31108; -3942; -21788; -5624; -20380; 10488; 50.08397673719212; 19.992422872739006
18791; -25183; 15731; -26152; -8224; -1696; 50.08397673719212; 19.992422872739006
8643; 18023; 20098; 11712; 24332; -22344; 50.08397673719212; 19.992422872739006
-51; -32325; 21850; 4714; 24184; -5768; 50.08397673719212; 19.992422872739006
2008; -4722; 17731; -22496; 14292; 14904; 50.08397673719212; 19.992422872739006
-26607; 31990; 10714; 23408; 18392; -20232; 50.08397673719212; 19.992422872739006
1693; 26418; 12317; -1840; 23868; -2896; 50.08397673719212; 19.992422872739006
-26076; 7800; -5080; -10190; -21904; -32088; 50.08397673719212; 19.992422872739006
-30037; 32139; -15610; -14904; 26002; 7907; 50.083969506660516; 19.99245540140757
-12798; -20193; -14995; -28584; 32536; -19472; 50.083969506660516; 19.99245540140757
11459; 27863; -14704; -17484; -26152; 29195; 50.083969506660516; 19.99245540140757
18019; -18973; -24537; 25840; -8056; -25392; 50.083969506660516; 19.99245540140757
21224; -17760; -29652; 4400; 17648; -14880; 50.083969506660516; 19.99245540140757
7730; 17176; 14219; -17484; -15813; -4100; 50.083969506660516; 19.99245540140757
28706; 20995; -26446; -11392; -3954; -7146; 50.083969506660516; 19.99245540140757
26572; -13799; -9057; -160; 761; -23572; 50.083969506660516; 19.99245540140757
-12341; -6084; -10187; -3954; 30866; -14292; 50.083961187991825; 19.99248815131827
-26300; 20921; -28124; 23424; -5008; -296; 50.083961187991825; 19.99248815131827
-20047; 14585; 23910; 3192; 10800; 4272; 50.083961187991825; 19.99248815131827
-7998; -17918; -9506; -13088; 25092; 5936; 50.083961187991825; 19.99248815131827
-29813; 31301; 11860; 20824; -7146; 29956; 50.083961187991825; 19.99248815131827
-14708; -25773; -19961; -20527; 17335; 13992; 50.083961187991825; 19.99248815131827
-29198; 9087; 26135; 21752; -6996; -18858; 50.083961187991825; 19.99248815131827
-31947; 11470; -9648; -612; 2728; -17040; 50.083961187991825; 19.99248815131827
17105; 3980; -22477; -1840; 21120; -11408; 50.083961187991825; 19.99248815131827
-20894; 13754; 24217; 11232; -14142; 20208; 50.083961187991825; 19.99248815131827
5887; -10345; 7426; -19648; 13088; -11099; 50.08395930587564; 19.992518476610247
-11884; -28663; -2123; 10352; 28608; -16704; 50.08395930587564; 19.992518476610247
25434; -9589; 23228; -24896; -15504; -7744; 50.08395930587564; 19.992518476610247
697; 8556; 13057; -30256; -32088; -2284; 50.08395930587564; 19.992518476610247
-24016; 24898; 17275; 15352; 30718; 14752; 50.08395930587564; 19.992518476610247
14207; 27257; 28029; 5920; -13382; 3192; 50.08395930587564; 19.992518476610247
-2941; 1456; 29332; -4688; 27968; -22810; 50.08394956629152; 19.992550276189302
-29273; 393; 5225; -28880; -10208; -17648; 50.08394956629152; 19.992550276189302
9159; -2414; 5375; 9408; -21312; -21920; 50.08394956629152; 19.992550276189302
14282; 9170; -26820; 31626; 9744; 7456; 50.08394956629152; 19.992550276189302
1319; -11830; 31001; 4688; 5024; -18544; 50.08394956629152; 19.992550276189302
3370; 9104; -30624; -31936; 8520; 22050; 50.08394956629152; 19.992550276189302
-17980; 3150; -7821; 32536; -23424; 12160; 50.08394956629152; 19.992550276189302
-3265; 26800; -3170; -24776; 24628; 10488; 50.08394055691983; 19.99258020569062
-9675; 10532; -32010; -25704; 13992; -14292; 50.08394055691983; 19.99258020569062
-11809; 4213; -16814; 2400; -18416; -10976; 50.08394055691983; 19.99258020569062
9765; -26521; 14908; 27504; 28435; -14904; 50.08394055691983; 19.99258020569062
24363; -17370; 23071; 21120; -3488; 31040; 50.08394055691983; 19.99258020569062
-8829; 6048; 23992; -12621; 26912; 6236; 50.08394055691983; 19.99258020569062
26257; 14368; -15003; 3488; 18244; -22664; 50.08394055691983; 19.99258020569062
-25470; 22689; 27954; 14292; 22198; -32240; 50.08393136081007; 19.99261365764777
-17755; 26418; 11836; -5008; -22344; 14608; 50.08393136081007; 19.99261365764777
-5316; -10892; 11470; 1248; 18712; 12784; 50.08393136081007; 19.99261365764777
-2800; 31076; -7132; -21120; 1670; 31328; 50.08393136081007; 19.99261365764777
8569; 7485; 7899; -26592; 13072; -28284; 50.08393136081007; 19.99261365764777
15129; 26476; 9178; -10488; -9896; -32388; 50.08393136081007; 19.99261365764777
-8380; 19401; 18661; 20064; -20080; -5648; 50.08393136081007; 19.99261365764777
32136; -13267; -30955; -14304; 12768; -27232; 50.08393136081007; 19.99261365764777
-8687; -22717; -21406; 22496; 21140; -2432; 50.08393136081007; 19.99261365764777
-15472; 18330; -11723; 13992; 5648; -8800; 50.08392247101669; 19.992640830737884
-20039; -6317; -18649; -31312; 30424; -31312; 50.08392247101669; 19.992640830737884
9864; -29609; -22560; 6996; -13232; -29808; 50.08392247101669; 19.992640830737884
-15546; 27414; -19795; -21904; 22344; 6064; 50.08392247101669; 19.992640830737884
20004; 26493; -13168; 3488; 11392; -29195; 50.08392247101669; 19.992640830737884
-16618; 21602; -21032; 10488; -12472; 10338; 50.08392247101669; 19.992640830737884
-28135; 5516; 20704; -9920; -6848; -18560; 50.08392247101669; 19.992640830737884
-9219; -30565; -6766; 18368; -28584; -28284; 50.08392247101669; 19.992640830737884
13136; 32297; 12069; -11099; 1840; -24000; 50.08392247101669; 19.992640830737884
23367; -25832; -1178; -8368; 7907; 3954; 50.08392247101669; 19.992640830737884
-217; -8750; 25056; 25680; 4248; 15648; 50.083917506879445; 19.992679786641087
31596; -20650; 4304; -30568; -11712; -12944; 50.083917506879445; 19.992679786641087
18401; 16270; -28738; 31792; 761; 14142; 50.083917506879445; 19.992679786641087
-22248; 14959; -9207; 28000; 11560; 17648; 50.083917506879445; 19.992679786641087
-13637; -13956; 10939; -24016; -9280; 23572; 50.083917506879445; 19.992679786641087
27178; -32483; -14539; 10928; -29504; -22976; 50.083917506879445; 19.992679786641087
-3273; -18283; 13463; -6880; 6536; -6848; 50.083917506879445; 19.992679786641087
4060; 15432; 9635; 20864; -27064; -8352; 50.083917506879445; 19.992679786641087
21689; 27639; -6458; -22496; 10656; -6832; 50.08391286076781; 19.99271064940653
-27745; 21759; 13463; 31040; 23572; 9280; 50.08391286076781; 19.99271064940653
-14400; 6579; 5449; 14128; -17040; -2752; 50.08391286076781; 19.99271064940653
3296; -17145; -961; -9429; 12768; -24332; 50.08391286076781; 19.99271064940653
4973; -22485; 7202; 10190; -1522; 18096; 50.08391286076781; 19.99271064940653
-591; 21992; -24163; -8832; -20232; -19472; 50.08391286076781; 19.99271064940653
-6619; -8900; -197; 28728; -1522; 6384; 50.08391286076781; 19.99271064940653
-27222; 29623; -6076; -27376; 12621; -26912; 50.08391286076781; 19.99271064940653
22985; -25308; -16224; -22810; 26764; -11099; 50.08391286076781; 19.99271064940653
-24548; -16464; -15161; 17335; 761; -13382; 50.08391286076781; 19.99271064940653
-1130; 23602; 3390; -13382; -3954; -18712; 50.08390373250064; 19.992741913575514
7115; -28738; -5462; 6088; 31626; 10632; 50.08390373250064; 19.992741913575514
15885; 16951; 16121; -27376; -16280; 8056; 50.08390373250064; 19.992741913575514
-217; -812; -2182; 8968; 7292; 3488; 50.08390373250064; 19.992741913575514
26564; -31636; 13455; 30400; 18858; -761; 50.08390373250064; 19.992741913575514
-7001; 27497; 13762; -27232; -22344; 29504; 50.08390373250064; 19.992741913575514
14896; 866; -19039; -18528; -20064; -13216; 50.08390373250064; 19.992741913575514
-26989; 26634; 24433; 3804; 19767; 18858; 50.08390373250064; 19.992741913575514
11616; -213; 3540; -10190; 22198; 27968; 50.083896615513545; 19.992774357214476
-26998; 26583; 5308; 16112; -7608; 7584; 50.083896615513545; 19.992774357214476
-12731; -15626; -25840; 30866; 15052; 15960; 50.083896615513545; 19.992774357214476
30458; -17909; -26364; 3632; 15664; -3340; 50.083896615513545; 19.992774357214476
-21874; 5898; 9576; 31184; 25392; -16574; 50.083896615513545; 19.992774357214476
30990; 5043; -24777; -14584; -9576; 28136; 50.083896615513545; 19.992774357214476
-19665; -8376; 19027; 8368; 26764; -30866; 50.083896615513545; 19.992774357214476
-898; 4603; -12322; 9696; -1522; -21289; 50.083896615513545; 19.992774357214476
31521; 24575; -26297; -14142; 13382; -26296; 50.083896615513545; 19.992774357214476
-1; -1; -1; 8816; 17484; 8056; 50.083889359243344; 19.99280558706427
25958; -3186; 24906; -21904; -9280; -25092; 50.083889359243344; 19.99280558706427
-17689; 30462; 11620; -14176; 25092; 27673; 50.083889359243344; 19.99280558706427
9789; -6774; 5284; 5328; 612; 6088; 50.083889359243344; 19.99280558706427
14971; -4856; -4399; -1984; 32388; -18858; 50.083889359243344; 19.99280558706427
10927; -31404; -26986; -23120; -21289; -15664; 50.083880421286864; 19.992838355842125
-26308; 22000; 26957; -7760; 29195; 23104; 50.083880421286864; 19.992838355842125
11766; -29951; 23520; -29195; -26912; 27524; 50.083880421286864; 19.992838355842125
-31797; 26044; -12263; -23424; 3192; -12621; 50.083880421286864; 19.992838355842125
2689; -22253; 8033; 11904; -1816; 10208; 50.083880421286864; 19.992838355842125
406; -28888; -4781; -1200; 1670; -24332; 50.083880421286864; 19.992838355842125
17487; -24852; -10128; -21728; 25536; 23868; 50.083880421286864; 19.992838355842125
12762; 551; -11050; 20527; 26002; -9280; 50.083880421286864; 19.992838355842125
27403; 18263; -56; -17944; -7292; -11860; 50.083880421286864; 19.992838355842125
25658; -14621; 12010; 21140; -25392; 23280; 50.083874772572074; 19.992868914050355
-27297; -25690; 19708; 12304; 908; -8520; 50.083874772572074; 19.992868914050355
4973; -24462; -18748; 25072; -14904; -20527; 50.083874772572074; 19.992868914050355
-31034; -24147; 19484; -23840; 8816; -31312; 50.083874772572074; 19.992868914050355
5596; 31218; -16307; -13072; -464; -29048; 50.083874772572074; 19.992868914050355
-20047; 11769; 29773; 29195; 29648; -9744; 50.083874772572074; 19.992868914050355
-25162; -9349; -280; 2728; -7608; 20208; 50.083874772572074; 19.992868914050355
11384; -25001; -16846; 15052; -32388; -10952; 50.083874772572074; 19.992868914050355
15968; -26372; 10773; -32088; 13382; 12768; 50.083866663947084; 19.992907289238037
8486; -5761; -11566; 17632; -27673; -21904; 50.083866663947084; 19.992907289238037
5206; -2721; 29383; 8080; 29656; -4100; 50.083866663947084; 19.992907289238037
-1811; -24005; 16727; -10338; -4248; -17632; 50.083866663947084; 19.992907289238037
26721; -1650; 4520; -30400; -16112; -25680; 50.083866663947084; 19.992907289238037
7572; -10262; -18201; -4568; -31776; -15352; 50.083866663947084; 19.992907289238037
-20272; 7194; -3867; 31480; -14142; -20676; 50.083866663947084; 19.992907289238037
-18752; 12309; -3178; -27376; 14584; 17776; 50.083866663947084; 19.992907289238037
30151; 16353; 32065; -26592; 29488; 16872; 50.083857955328504; 19.992938691528582
-17681; 29631; 17873; 31184; 11860; 12621; 50.083857955328504; 19.992938691528582
26265; 23063; 6662; -28728; 3192; -8520; 50.083857955328504; 19.992938691528582
2764; 16569; -21497; -26764; 29956; 24481; 50.083857955328504; 19.992938691528582
4292; 15597; -26895; -19168; -10338; -23572; 50.083857955328504; 19.992938691528582
-25536; 6587; 17566; -20080; -24628; 24481; 50.083857955328504; 19.992938691528582
-4103; -12727; -25541; 27820; -26152; 32388; 50.083857955328504; 19.992938691528582
23292; -15086; 30395; -19767; -24628; 31626; 50.08385182653243; 19.992966654759396
16267; -28963; -11873; 21568; 29808; -3804; 50.08385182653243; 19.992966654759396
-16535; 2618; -16082; -6536; 23424; -20976; 50.08385182653243; 19.992966654759396
-11502; -22717; 32447; -28096; -296; 4128; 50.08385182653243; 19.992966654759396
8261; 6513; 6670; 30568; -19006; -4100; 50.08385182653243; 19.992966654759396
3379; -6624; 23378; -25392; 20527; -10338; 50.08385182653243; 19.992966654759396
-18827; -10660; -430; -14736; 22810; 31480; 50.08385182653243; 19.992966654759396
29395; -25690; -15826; 18244; 23572; -28284; 50.08385182653243; 19.992966654759396
23134; 19459; -2324; 28448; 14440; 11860; 50.08385182653243; 19.992966654759396
-1961; 26028; 5690; 17472; 20380; -29956; 50.08385182653243; 19.992966654759396
-12183; 27099; 25977; -17344; -28584; 4100; 50.083846449982204; 19.993002186313984
-16527; 11313; 4461; 6816; 22810; -25242; 50.083846449982204; 19.993002186313984
-2410; -25773; 15282; -31920; -9429; -29488; 50.083846449982204; 19.993002186313984
-1504; -2564; -26754; -8832; -26152; 30718; 50.083846449982204; 19.993002186313984
11549; -21406; 18487; 12304; -24944; 23868; 50.083846449982204; 19.993002186313984
-18901; -18366; 4902; -22496; -6848; -13232; 50.083846449982204; 19.993002186313984
-5017; -22020; 23835; 10976; 25536; -30568; 50.083846449982204; 19.993002186313984
-20961; 9411; 8796; 1360; 6680; -10656; 50.083846449982204; 19.993002186313984
10171; 9702; 15979; -23720; 6704; 1670; 50.083846449982204; 19.993002186313984
18874; -10636; 27871; -7200; 14142; -18272; 50.08383899288825; 19.993030494688757
-22721; 20870; 15829; -3968; 3340; -1664; 50.08383899288825; 19.993030494688757
-4411; 2441; 8033; -11968; 24464; -18560; 50.08383899288825; 19.993030494688757
-12798; 11769; -31271; -592; 2880; 13504; 50.08383899288825; 19.993030494688757
-2891; 5765; -1119; -10112; 3792; 20080; 50.08383899288825; 19.993030494688757
-24489; -22028; 21676; -11072; -18096; 9136; 50.08383899288825; 19.993030494688757
25426; 21401; 476; -23888; 6704; -11232; 50.08383899288825; 19.993030494688757
-28667; -7057; 22831; 27524; -2284; -24628; 50.08383899288825; 19.993030494688757
22445; -9282; -27218; -19472; -2576; 2284; 50.08383899288825; 19.993030494688757
24796; 12002; -26529; 30080; -31160; -14880; 50.08383899288825; 19.993030494688757
4308; -7821; 31135; -25072; 5952; -22176; 50.08383899288825; 19.993030494688757
-21933; 7469; 13297; -2688; 22720; -17280; 50.08383899288825; 19.993030494688757
-8911; 31998; -4781; -18880; 24800; 4736; 50.08383899288825; 19.993030494688757
3744; 17283; 17026; -1200; 6384; -7440; 50.08383899288825; 19.993030494688757
-3938; 32754; 15357; 30752; -14608; 13680; 50.08383899288825; 19.993030494688757
-15023; -8651; -19662; 8200; 12160; 12328; 50.08383899288825; 19.993030494688757
1859; -14680; 30603; 14912; -25392; -19600; 50.08383899288825; 19.993030494688757
-8147; -19264; 11836; 7776; -2136; 25536; 50.08383899288825; 19.993030494688757
-15920; -9872; -31038; -3136; -1376; 23720; 50.08383899288825; 19.993030494688757
32203; -20492; -13101; -13248; 23572; 9264; 50.08383899288825; 19.993030494688757
-6088; 9950; -26155; -16280; -22344; -14440; 50.08383899288825; 19.993030494688757
31770; -1087; 12533; -4128; 20380; 296; 50.08383899288825; 19.993030494688757
-2276; -22627; 468; 26944; -32388; -4128; 50.08383899288825; 19.993030494688757
10695; 28493; 22673; -27208; -5768; 7907; 50.08383899288825; 19.993030494688757
-8521; -6068; -4100; -24628; 13232; -32536; 50.083841280385684; 19.99301314101701
-6005; -17893; -28364; 15052; -16724; -25392; 50.083841280385684; 19.99301314101701
-20803; 19566; 18255; 28435; -7146; -14142; 50.083841280385684; 19.99301314101701
11998; 27804; -30806; 25092; 11860; -29048; 50.083841280385684; 19.99301314101701
-2193; -21863; 29391; -31016; -26912; -5624; 50.083841280385684; 19.99301314101701
-17299; -30333; -32101; -1056; 14904; -19152; 50.083841280385684; 19.99301314101701
-21418; 23220; 32447; -22198; -19767; 17944; 50.083841280385684; 19.99301314101701
18102; -11723; -29427; -12008; -24481; -6536; 50.083841280385684; 19.99301314101701
-22563; -28431; -12030; -11860; -21289; -9576; 50.083841280385684; 19.99301314101701
17795; -17827; 16959; 1522; -27673; 6996; 50.083841280385684; 19.99301314101701
-4635; 3382; -15236; 10190; -6384; -8816; 50.083841280385684; 19.99301314101701
18177; 1323; 32372; 13382; -12621; 12621; 50.083841280385684; 19.99301314101701
22295; -13708; -969; 16574; -17335; -32388; 50.083841280385684; 19.99301314101701
-28592; 27796; -6691; -4714; 23720; 29195; 50.083841280385684; 19.99301314101701
10088; 25355; -32707; 7907; -9429; -3954; 50.083841280385684; 19.99301314101701
-1220; -1220; -1220; -16574; -21289; 29195; 50.083841280385684; 19.99301314101701
